{"stats":{"minecraft:custom":{"minecraft:jump":134,"minecraft:time_since_rest":6817,"minecraft:damage_dealt":90,"minecraft:crouch_one_cm":367,"minecraft:leave_game":2,"minecraft:play_time":6817,"minecraft:sprint_one_cm":7900,"minecraft:damage_taken":50,"minecraft:time_since_death":6817,"minecraft:walk_one_cm":9899,"minecraft:sneak_time":67,"minecraft:total_world_time":6817,"minecraft:mob_kills":1,"minecraft:fall_one_cm":418,"minecraft:fly_one_cm":8952},"minecraft:killed":{"alexsmobs:gazelle":1},"minecraft:mined":{"minecraft:grass":7}},"DataVersion":3465}