{"stats":{"minecraft:killed_by":{"alexsmobs:bison":1,"alexsmobs:gelada_monkey":1,"alexsmobs:tiger":4},"minecraft:killed":{"alexsmobs:tiger":1,"minecraft:iron_golem":1,"minecraft:sheep":3,"minecraft:zombie":1,"alexsmobs:bison":2,"minecraft:villager":2},"minecraft:dropped":{"minecraft:porkchop":1,"minecraft:wheat_seeds":11,"minecraft:cherry_log":19,"minecraft:cooked_beef":5,"alexsmobs:animal_dictionary":1,"minecraft:birch_sapling":3,"minecraft:cherry_sapling":6,"minecraft:cobblestone":7,"alexsmobs:bison_fur":1,"minecraft:poppy":1,"minecraft:iron_axe":1,"minecraft:wooden_pickaxe":1,"minecraft:iron_pickaxe":1,"minecraft:white_wool":3,"minecraft:smooth_basalt":1},"minecraft:custom":{"minecraft:interact_with_furnace":9,"minecraft:mob_kills":10,"minecraft:interact_with_crafting_table":13,"minecraft:leave_game":3,"minecraft:time_since_death":25698,"minecraft:sleep_in_bed":2,"minecraft:time_since_rest":25726,"minecraft:waystone_activated":1,"minecraft:sprint_one_cm":172276,"minecraft:damage_taken":2623,"minecraft:walk_one_cm":160430,"minecraft:drop":19,"minecraft:damage_dealt":3151,"minecraft:player_kills":1,"minecraft:fly_one_cm":299646,"minecraft:open_chest":13,"minecraft:crouch_one_cm":5615,"minecraft:play_time":85542,"minecraft:deaths":7,"minecraft:sneak_time":1735,"minecraft:jump":1170,"minecraft:walk_on_water_one_cm":137,"minecraft:interact_with_smoker":14,"minecraft:total_world_time":85542,"minecraft:fall_one_cm":45379},"minecraft:used":{"minecraft:cooked_mutton":4,"minecraft:cherry_sapling":86,"minecraft:iron_shovel":395,"minecraft:stone_pickaxe":53,"minecraft:poppy":1,"minecraft:blackstone":2,"minecraft:chest":2,"minecraft:wooden_pickaxe":3,"minecraft:dirt":164,"minecraft:crafting_table":3,"minecraft:blast_furnace":1,"minecraft:smoker":3,"minecraft:oak_log":2,"minecraft:iron_axe":1368,"minecraft:iron_pickaxe":24,"minecraft:smooth_basalt":2,"minecraft:bamboo":59,"minecraft:stone_axe":56,"minecraft:pink_petals":1,"minecraft:cobblestone":4,"minecraft:furnace":1,"minecraft:yellow_bed":4,"minecraft:cooked_beef":4},"minecraft:mined":{"minecraft:blackstone":16,"minecraft:smoker":2,"minecraft:cherry_log":1138,"minecraft:dandelion":4,"minecraft:crafting_table":2,"minecraft:cornflower":5,"minecraft:acacia_log":7,"minecraft:blast_furnace":1,"minecraft:grass_block":414,"minecraft:tall_grass":9,"minecraft:deepslate_coal_ore":21,"minecraft:spruce_leaves":1,"minecraft:pink_petals":23,"minecraft:large_fern":1,"minecraft:birch_log":5,"minecraft:birch_leaves":3,"minecraft:yellow_bed":6,"minecraft:grass":75,"minecraft:oak_log":2,"minecraft:deepslate_iron_ore":12,"minecraft:dirt":40,"minecraft:smooth_basalt":3,"minecraft:bamboo":128,"minecraft:white_tulip":1,"minecraft:stone":21,"minecraft:oak_leaves":1},"minecraft:broken":{"minecraft:iron_shovel":1,"minecraft:iron_axe":2},"minecraft:picked_up":{"minecraft:birch_log":5,"minecraft:pink_petals":149,"minecraft:crafting_table":1,"minecraft:cooked_beef":1,"minecraft:cherry_planks":12,"minecraft:smoker":2,"alexsmobs:bison_fur":1,"minecraft:oak_log":2,"minecraft:yellow_bed":5,"minecraft:cornflower":5,"minecraft:dirt":386,"minecraft:blackstone":16,"minecraft:wheat_seeds":15,"minecraft:white_tulip":1,"minecraft:iron_ingot":4,"minecraft:beef":13,"minecraft:poppy":2,"minecraft:bamboo":1115,"minecraft:birch_sapling":3,"minecraft:stick":189,"minecraft:raw_iron":12,"minecraft:smooth_basalt":3,"minecraft:dandelion":4,"minecraft:acacia_log":7,"minecraft:porkchop":1,"minecraft:cherry_log":1116,"minecraft:blast_furnace":1,"minecraft:cherry_sapling":353,"minecraft:mutton":4,"minecraft:coal":47,"minecraft:white_wool":3,"minecraft:cobblestone":21},"minecraft:crafted":{"minecraft:cooked_beef":13,"minecraft:cherry_planks":16,"minecraft:crafting_table":2,"minecraft:wooden_pickaxe":1,"minecraft:furnace":2,"minecraft:birch_planks":4,"minecraft:stone_axe":1,"minecraft:cooked_mutton":4,"minecraft:air":0,"minecraft:iron_axe":3,"minecraft:stick":12,"minecraft:iron_ingot":12,"minecraft:iron_pickaxe":2,"minecraft:stone_pickaxe":1,"minecraft:chest":2,"minecraft:acacia_planks":28,"minecraft:smoker":1}},"DataVersion":3465}