{"stats":{"minecraft:killed_by":{"alexsmobs:bison":1},"minecraft:dropped":{"minecraft:wooden_pickaxe":1},"minecraft:killed":{"minecraft:sheep":3,"alexsmobs:bison":2},"minecraft:used":{"minecraft:cooked_mutton":2,"minecraft:stone_pickaxe":50,"minecraft:wooden_pickaxe":3,"minecraft:smooth_basalt":2,"minecraft:stone_axe":33,"minecraft:crafting_table":2,"minecraft:smoker":1},"minecraft:custom":{"minecraft:time_since_rest":9112,"minecraft:sprint_one_cm":34629,"minecraft:damage_taken":508,"minecraft:walk_one_cm":51322,"minecraft:mob_kills":5,"minecraft:drop":1,"minecraft:damage_dealt":1150,"minecraft:interact_with_crafting_table":4,"minecraft:fly_one_cm":104002,"minecraft:player_kills":1,"minecraft:crouch_one_cm":852,"minecraft:play_time":29130,"minecraft:deaths":1,"minecraft:sneak_time":496,"minecraft:jump":480,"minecraft:leave_game":1,"minecraft:time_since_death":9082,"minecraft:interact_with_smoker":5,"minecraft:total_world_time":29130,"minecraft:fall_one_cm":20663},"minecraft:mined":{"minecraft:large_fern":1,"minecraft:blackstone":15,"minecraft:birch_log":5,"minecraft:smoker":1,"minecraft:birch_leaves":3,"minecraft:crafting_table":2,"minecraft:acacia_log":7,"minecraft:oak_log":1,"minecraft:deepslate_iron_ore":12,"minecraft:tall_grass":4,"minecraft:smooth_basalt":3,"minecraft:deepslate_coal_ore":21,"minecraft:spruce_leaves":1,"minecraft:oak_leaves":1},"minecraft:picked_up":{"minecraft:birch_log":5,"minecraft:crafting_table":1,"minecraft:raw_iron":12,"minecraft:smooth_basalt":3,"minecraft:acacia_log":7,"minecraft:smoker":1,"alexsmobs:bison_fur":1,"minecraft:oak_log":1,"minecraft:blackstone":15,"minecraft:wheat_seeds":1,"minecraft:beef":13,"minecraft:birch_sapling":3,"minecraft:mutton":4,"minecraft:coal":47,"minecraft:white_wool":3},"minecraft:crafted":{"minecraft:crafting_table":1,"minecraft:stick":12,"minecraft:wooden_pickaxe":1,"minecraft:stone_pickaxe":1,"minecraft:furnace":1,"minecraft:acacia_planks":28,"minecraft:stone_axe":1,"minecraft:air":0,"minecraft:cooked_mutton":4,"minecraft:smoker":1,"minecraft:cooked_beef":1}},"DataVersion":3465}