{"stats":{"minecraft:killed_by":{"alexsmobs:bison":1,"alexsmobs:gelada_monkey":1},"minecraft:killed":{"minecraft:iron_golem":1,"minecraft:sheep":3,"alexsmobs:bison":2,"minecraft:villager":2},"minecraft:dropped":{"minecraft:porkchop":1,"minecraft:cherry_log":19,"minecraft:cooked_beef":4,"minecraft:cherry_sapling":6,"minecraft:poppy":1,"minecraft:iron_axe":1,"minecraft:wooden_pickaxe":1,"minecraft:iron_pickaxe":1},"minecraft:custom":{"minecraft:interact_with_furnace":9,"minecraft:mob_kills":8,"minecraft:interact_with_crafting_table":10,"minecraft:leave_game":3,"minecraft:time_since_death":9503,"minecraft:sleep_in_bed":1,"minecraft:time_since_rest":9623,"minecraft:waystone_activated":1,"minecraft:sprint_one_cm":72409,"minecraft:damage_taken":1523,"minecraft:walk_one_cm":76526,"minecraft:drop":11,"minecraft:damage_dealt":2807,"minecraft:player_kills":1,"minecraft:fly_one_cm":242845,"minecraft:crouch_one_cm":1798,"minecraft:play_time":49542,"minecraft:deaths":3,"minecraft:sneak_time":1126,"minecraft:jump":914,"minecraft:walk_on_water_one_cm":137,"minecraft:interact_with_smoker":14,"minecraft:total_world_time":49542,"minecraft:fall_one_cm":35576},"minecraft:used":{"minecraft:cooked_mutton":4,"minecraft:cherry_sapling":10,"minecraft:stone_pickaxe":53,"minecraft:poppy":1,"minecraft:blackstone":2,"minecraft:wooden_pickaxe":3,"minecraft:crafting_table":3,"minecraft:blast_furnace":1,"minecraft:smoker":3,"minecraft:oak_log":2,"minecraft:iron_axe":62,"minecraft:iron_pickaxe":16,"minecraft:smooth_basalt":2,"minecraft:stone_axe":56,"minecraft:furnace":1,"minecraft:yellow_bed":4,"minecraft:cooked_beef":1},"minecraft:mined":{"minecraft:blackstone":16,"minecraft:smoker":2,"minecraft:cherry_log":59,"minecraft:crafting_table":2,"minecraft:acacia_log":7,"minecraft:blast_furnace":1,"minecraft:tall_grass":4,"minecraft:deepslate_coal_ore":21,"minecraft:spruce_leaves":1,"minecraft:large_fern":1,"minecraft:birch_log":5,"minecraft:birch_leaves":3,"minecraft:yellow_bed":4,"minecraft:grass":1,"minecraft:oak_log":2,"minecraft:deepslate_iron_ore":12,"minecraft:smooth_basalt":3,"minecraft:stone":15,"minecraft:oak_leaves":1},"minecraft:picked_up":{"minecraft:birch_log":5,"minecraft:crafting_table":1,"minecraft:smoker":2,"alexsmobs:bison_fur":1,"minecraft:oak_log":2,"minecraft:yellow_bed":4,"minecraft:blackstone":16,"minecraft:wheat_seeds":1,"minecraft:iron_ingot":4,"minecraft:beef":13,"minecraft:poppy":2,"minecraft:birch_sapling":3,"minecraft:stick":10,"minecraft:raw_iron":12,"minecraft:smooth_basalt":3,"minecraft:acacia_log":7,"minecraft:porkchop":1,"minecraft:cherry_log":57,"minecraft:blast_furnace":1,"minecraft:cherry_sapling":16,"minecraft:mutton":4,"minecraft:coal":47,"minecraft:white_wool":3,"minecraft:cobblestone":15},"minecraft:crafted":{"minecraft:cooked_beef":13,"minecraft:crafting_table":2,"minecraft:wooden_pickaxe":1,"minecraft:furnace":2,"minecraft:birch_planks":4,"minecraft:stone_axe":1,"minecraft:cooked_mutton":4,"minecraft:air":0,"minecraft:iron_axe":2,"minecraft:stick":12,"minecraft:iron_ingot":12,"minecraft:iron_pickaxe":2,"minecraft:stone_pickaxe":1,"minecraft:acacia_planks":28,"minecraft:smoker":1}},"DataVersion":3465}