{"stats":{"minecraft:dropped":{"alexsmobs:maggot":1,"minecraft:wooden_pickaxe":1},"minecraft:mined":{"minecraft:coal_ore":24,"minecraft:oak_log":6,"minecraft:dirt":2,"minecraft:stone":38,"minecraft:oak_leaves":3,"minecraft:crafting_table":2},"minecraft:used":{"alexsmobs:maggot":1,"minecraft:stone_axe":3,"minecraft:dirt":2,"minecraft:tnt":92,"minecraft:crafting_table":2,"minecraft:stone_pickaxe":54,"minecraft:wooden_pickaxe":10,"minecraft:redstone_block":9},"minecraft:custom":{"minecraft:time_since_rest":22163,"minecraft:waystone_activated":1,"minecraft:crouch_one_cm":418,"minecraft:sprint_one_cm":10702,"minecraft:play_time":22163,"minecraft:walk_one_cm":6231,"minecraft:sneak_time":139,"minecraft:mob_kills":2,"minecraft:drop":2,"minecraft:jump":118,"minecraft:damage_dealt":40,"minecraft:time_since_death":22163,"minecraft:leave_game":2,"minecraft:walk_on_water_one_cm":121,"minecraft:total_world_time":22163,"minecraft:fall_one_cm":3518,"minecraft:interact_with_crafting_table":3,"minecraft:fly_one_cm":85777},"minecraft:picked_up":{"minecraft:crafting_table":2,"minecraft:oak_log":6,"alexsmobs:maggot":1,"minecraft:coal":24,"minecraft:dirt":2,"minecraft:cobblestone":38},"minecraft:crafted":{"minecraft:oak_planks":24,"minecraft:stone_axe":1,"minecraft:crafting_table":1,"minecraft:stick":24,"minecraft:stone_pickaxe":1,"minecraft:wooden_pickaxe":1},"minecraft:killed":{"alexsmobs:fly":2}},"DataVersion":3465}