{"stats":{"minecraft:killed_by":{"alexsmobs:bison":1,"alexsmobs:gelada_monkey":1,"alexsmobs:tiger":4},"minecraft:killed":{"alexsmobs:tiger":1,"minecraft:iron_golem":1,"minecraft:sheep":3,"minecraft:zombie":1,"alexsmobs:bison":2,"minecraft:villager":2},"minecraft:dropped":{"minecraft:porkchop":1,"minecraft:wheat_seeds":11,"minecraft:cherry_log":19,"minecraft:cooked_beef":5,"alexsmobs:animal_dictionary":1,"minecraft:birch_sapling":3,"minecraft:cherry_sapling":6,"minecraft:cobblestone":7,"alexsmobs:bison_fur":1,"minecraft:poppy":1,"minecraft:iron_axe":1,"minecraft:wooden_pickaxe":1,"minecraft:iron_pickaxe":1,"minecraft:white_wool":3,"minecraft:smooth_basalt":1},"minecraft:custom":{"minecraft:interact_with_furnace":21,"minecraft:mob_kills":10,"minecraft:interact_with_crafting_table":13,"minecraft:leave_game":5,"minecraft:time_since_death":44177,"minecraft:sleep_in_bed":3,"minecraft:time_since_rest":11820,"minecraft:waystone_activated":1,"minecraft:sprint_one_cm":187306,"minecraft:damage_taken":2633,"minecraft:walk_one_cm":203338,"minecraft:drop":19,"minecraft:damage_dealt":3166,"minecraft:player_kills":1,"minecraft:fly_one_cm":327074,"minecraft:open_chest":22,"minecraft:crouch_one_cm":5834,"minecraft:play_time":104021,"minecraft:deaths":7,"minecraft:sneak_time":1894,"minecraft:jump":1251,"minecraft:walk_on_water_one_cm":137,"minecraft:total_world_time":104021,"minecraft:interact_with_smoker":15,"minecraft:fall_one_cm":46550},"minecraft:used":{"minecraft:cooked_mutton":4,"minecraft:cherry_sapling":86,"minecraft:iron_shovel":397,"minecraft:stone_pickaxe":53,"minecraft:poppy":1,"minecraft:chest":2,"minecraft:blackstone":2,"minecraft:wooden_pickaxe":3,"minecraft:cherry_planks":11,"minecraft:dirt":197,"minecraft:crafting_table":5,"minecraft:blast_furnace":1,"minecraft:smoker":3,"minecraft:oak_log":2,"minecraft:iron_axe":1413,"minecraft:iron_pickaxe":267,"ironfurnaces:crystal_furnace":1,"minecraft:smooth_basalt":2,"minecraft:bamboo":59,"minecraft:stone_axe":56,"minecraft:pink_petals":1,"minecraft:cobblestone":4,"minecraft:furnace":1,"minecraft:white_concrete":60,"minecraft:cooked_beef":6,"minecraft:yellow_bed":5,"minecraft:stripped_cherry_log":76,"ironchest:crystal_chest":2,"minecraft:cherry_log":22,"minecraft:smooth_stone":80},"minecraft:mined":{"minecraft:blackstone":16,"minecraft:smoker":2,"minecraft:cherry_log":1141,"minecraft:stripped_cherry_log":25,"minecraft:dandelion":4,"minecraft:crafting_table":2,"minecraft:cornflower":5,"minecraft:blast_furnace":1,"minecraft:acacia_log":7,"minecraft:grass_block":419,"minecraft:tall_grass":9,"minecraft:cobblestone":1,"minecraft:deepslate_coal_ore":21,"minecraft:spruce_leaves":1,"minecraft:large_fern":1,"minecraft:pink_petals":24,"minecraft:birch_log":5,"minecraft:birch_leaves":3,"minecraft:yellow_bed":6,"minecraft:grass":80,"minecraft:oak_log":2,"minecraft:deepslate_iron_ore":12,"minecraft:dirt":45,"minecraft:smooth_basalt":3,"minecraft:bamboo":128,"minecraft:stone":263,"minecraft:white_tulip":2,"minecraft:oak_leaves":1},"minecraft:broken":{"minecraft:iron_shovel":1,"minecraft:iron_axe":2,"minecraft:iron_pickaxe":1},"minecraft:picked_up":{"minecraft:birch_log":5,"minecraft:pink_petals":153,"minecraft:crafting_table":1,"minecraft:cooked_beef":1,"minecraft:cherry_planks":12,"minecraft:smoker":2,"alexsmobs:bison_fur":1,"minecraft:stripped_cherry_log":25,"minecraft:oak_log":2,"minecraft:yellow_bed":5,"minecraft:cornflower":5,"minecraft:dirt":395,"minecraft:blackstone":16,"minecraft:wheat_seeds":15,"minecraft:iron_ingot":4,"minecraft:beef":13,"minecraft:white_tulip":2,"minecraft:poppy":2,"minecraft:bamboo":1115,"minecraft:birch_sapling":3,"minecraft:stick":195,"minecraft:raw_iron":12,"minecraft:smooth_basalt":3,"minecraft:acacia_log":7,"minecraft:dandelion":4,"minecraft:porkchop":1,"minecraft:cherry_log":1119,"minecraft:blast_furnace":1,"minecraft:cherry_sapling":369,"minecraft:mutton":4,"minecraft:coal":47,"minecraft:white_wool":3,"minecraft:cobblestone":253},"minecraft:crafted":{"minecraft:cooked_beef":13,"minecraft:cherry_planks":16,"minecraft:smooth_stone":0,"minecraft:crafting_table":2,"minecraft:wooden_pickaxe":1,"minecraft:furnace":2,"minecraft:stone":0,"minecraft:birch_planks":4,"minecraft:stone_axe":1,"minecraft:cooked_mutton":4,"minecraft:air":0,"minecraft:iron_axe":3,"minecraft:stick":12,"minecraft:iron_ingot":12,"minecraft:iron_pickaxe":2,"minecraft:stone_pickaxe":1,"minecraft:chest":2,"minecraft:acacia_planks":28,"minecraft:smoker":1}},"DataVersion":3465}