{"stats":{"minecraft:dropped":{"minecraft:wooden_pickaxe":1},"minecraft:custom":{"minecraft:time_since_rest":17130,"minecraft:crouch_one_cm":343,"minecraft:play_time":17130,"minecraft:sprint_one_cm":22149,"minecraft:damage_taken":80,"minecraft:walk_one_cm":32139,"minecraft:sneak_time":218,"minecraft:drop":1,"minecraft:jump":360,"minecraft:damage_dealt":50,"minecraft:leave_game":1,"minecraft:time_since_death":17130,"minecraft:total_world_time":17130,"minecraft:interact_with_crafting_table":3,"minecraft:fall_one_cm":11542,"minecraft:fly_one_cm":56633},"minecraft:used":{"minecraft:smooth_basalt":2,"minecraft:stone_axe":1,"minecraft:crafting_table":1,"minecraft:stone_pickaxe":49,"minecraft:wooden_pickaxe":3},"minecraft:mined":{"minecraft:acacia_log":7,"minecraft:deepslate_iron_ore":12,"minecraft:blackstone":15,"minecraft:tall_grass":1,"minecraft:smooth_basalt":3,"minecraft:deepslate_coal_ore":21,"minecraft:crafting_table":1},"minecraft:picked_up":{"minecraft:raw_iron":12,"minecraft:crafting_table":1,"minecraft:smooth_basalt":3,"minecraft:blackstone":15,"minecraft:acacia_log":7,"minecraft:coal":47},"minecraft:crafted":{"minecraft:acacia_planks":28,"minecraft:stone_axe":1,"minecraft:crafting_table":1,"minecraft:stick":12,"minecraft:wooden_pickaxe":1,"minecraft:stone_pickaxe":1}},"DataVersion":3465}