{"stats":{"minecraft:killed_by":{"alexsmobs:moose":1},"minecraft:dropped":{"minecraft:wooden_pickaxe":1,"minecraft:spruce_sapling":12,"minecraft:stick":2},"minecraft:killed":{"minecraft:zombie":1,"minecraft:pig":8,"minecraft:witch":1,"minecraft:chicken":7,"alexsmobs:moose":3,"naturalist:duck":1,"minecraft:cow":4},"minecraft:crafted":{"minecraft:cooked_porkchop":0,"minecraft:crafting_table":1,"minecraft:spruce_planks":36,"minecraft:stick":16,"minecraft:wooden_pickaxe":1,"minecraft:stone_pickaxe":1,"minecraft:stone_axe":1,"minecraft:air":0},"minecraft:mined":{"minecraft:spruce_log":19,"ironfurnaces:netherite_furnace":1,"minecraft:crafting_table":2,"minecraft:grass_block":3,"minecraft:dirt":3,"minecraft:spruce_leaves":1,"minecraft:stone":15},"minecraft:picked_up":{"ironfurnaces:netherite_furnace":1,"minecraft:stick":2,"minecraft:crafting_table":2,"naturalist:duck":1,"minecraft:feather":4,"minecraft:chicken":7,"minecraft:leather":6,"minecraft:porkchop":17,"minecraft:spruce_sapling":12,"minecraft:spruce_log":19,"naturalist:duck_egg":1,"minecraft:spider_eye":2,"minecraft:dirt":5,"ironfurnaces:rainbow_coal":1,"minecraft:beef":7,"minecraft:cooked_chicken":1,"ironfurnaces:augment_speed":1,"alexsmobs:moose_ribs":6,"minecraft:glowstone_dust":2,"minecraft:cobblestone":12,"minecraft:egg":1},"minecraft:used":{"ironfurnaces:netherite_furnace":1,"minecraft:stone_pickaxe":20,"minecraft:wooden_pickaxe":3,"minecraft:cooked_chicken":1,"naturalist:duck_egg":1,"minecraft:stone_axe":52,"naturalist:duck":1,"minecraft:dirt":5,"minecraft:crafting_table":2,"minecraft:cooked_porkchop":3,"minecraft:egg":1,"minecraft:spruce_log":4},"minecraft:custom":{"minecraft:time_since_rest":7685,"minecraft:waystone_activated":1,"minecraft:interact_with_furnace":2,"minecraft:sprint_one_cm":58553,"minecraft:damage_taken":593,"minecraft:walk_one_cm":32454,"minecraft:mob_kills":26,"minecraft:drop":5,"minecraft:damage_dealt":4290,"minecraft:interact_with_crafting_table":3,"minecraft:fly_one_cm":126661,"minecraft:open_barrel":2,"minecraft:crouch_one_cm":3574,"minecraft:play_time":17808,"minecraft:deaths":1,"minecraft:sneak_time":789,"minecraft:jump":454,"minecraft:leave_game":2,"minecraft:time_since_death":7656,"minecraft:damage_resisted":225,"minecraft:total_world_time":17808,"minecraft:climb_one_cm":481,"minecraft:fall_one_cm":17411}},"DataVersion":3465}