{"stats":{"minecraft:killed_by":{"alexsmobs:bison":1,"alexsmobs:gelada_monkey":1},"minecraft:dropped":{"minecraft:poppy":1,"minecraft:wooden_pickaxe":1},"minecraft:killed":{"minecraft:sheep":3,"alexsmobs:bison":2,"minecraft:iron_golem":1,"minecraft:villager":2},"minecraft:custom":{"minecraft:sprint_one_cm":53820,"minecraft:damage_taken":1443,"minecraft:walk_one_cm":63458,"minecraft:mob_kills":8,"minecraft:drop":2,"minecraft:damage_dealt":2767,"minecraft:interact_with_crafting_table":4,"minecraft:fly_one_cm":220605,"minecraft:player_kills":1,"minecraft:play_time":40790,"minecraft:crouch_one_cm":1148,"minecraft:sneak_time":975,"minecraft:deaths":3,"minecraft:jump":789,"minecraft:leave_game":3,"minecraft:time_since_death":751,"minecraft:walk_on_water_one_cm":137,"minecraft:sleep_in_bed":1,"minecraft:total_world_time":40790,"minecraft:interact_with_smoker":5,"minecraft:fall_one_cm":32952,"minecraft:time_since_rest":871},"minecraft:used":{"minecraft:oak_log":2,"minecraft:stone_pickaxe":53,"minecraft:poppy":1,"minecraft:blackstone":2,"minecraft:wooden_pickaxe":3,"minecraft:smooth_basalt":2,"minecraft:stone_axe":56,"minecraft:crafting_table":2,"minecraft:blast_furnace":1,"minecraft:yellow_bed":2,"minecraft:cooked_beef":1,"minecraft:smoker":2,"minecraft:cooked_mutton":4},"minecraft:mined":{"minecraft:large_fern":1,"minecraft:blackstone":16,"minecraft:birch_log":5,"minecraft:smoker":2,"minecraft:birch_leaves":3,"minecraft:yellow_bed":4,"minecraft:crafting_table":2,"minecraft:blast_furnace":1,"minecraft:acacia_log":7,"minecraft:oak_log":2,"minecraft:deepslate_iron_ore":12,"minecraft:tall_grass":4,"minecraft:smooth_basalt":3,"minecraft:deepslate_coal_ore":21,"minecraft:spruce_leaves":1,"minecraft:oak_leaves":1},"minecraft:picked_up":{"minecraft:birch_log":5,"minecraft:crafting_table":1,"minecraft:raw_iron":12,"minecraft:smooth_basalt":3,"minecraft:acacia_log":7,"minecraft:smoker":2,"alexsmobs:bison_fur":1,"minecraft:oak_log":2,"minecraft:blast_furnace":1,"minecraft:yellow_bed":4,"minecraft:blackstone":16,"minecraft:wheat_seeds":1,"minecraft:beef":13,"minecraft:iron_ingot":4,"minecraft:poppy":2,"minecraft:mutton":4,"minecraft:birch_sapling":3,"minecraft:coal":47,"minecraft:white_wool":3},"minecraft:crafted":{"minecraft:cooked_beef":1,"minecraft:crafting_table":1,"minecraft:stick":12,"minecraft:wooden_pickaxe":1,"minecraft:stone_pickaxe":1,"minecraft:furnace":1,"minecraft:acacia_planks":28,"minecraft:stone_axe":1,"minecraft:air":0,"minecraft:cooked_mutton":4,"minecraft:smoker":1}},"DataVersion":3465}