{"stats":{"minecraft:killed_by":{"alexsmobs:gelada_monkey":1,"minecraft:creeper":1,"minecraft:player":1,"alexsmobs:bison":1},"minecraft:dropped":{"minecraft:wheat_seeds":1},"minecraft:killed":{"minecraft:sheep":2,"minecraft:pig":1},"minecraft:used":{"minecraft:poppy":1},"minecraft:custom":{"minecraft:time_since_rest":9786,"minecraft:crouch_one_cm":2042,"minecraft:damage_taken":1189,"minecraft:play_time":30709,"minecraft:sprint_one_cm":38939,"minecraft:walk_one_cm":70787,"minecraft:deaths":4,"minecraft:sneak_time":358,"minecraft:mob_kills":3,"minecraft:drop":1,"minecraft:jump":405,"minecraft:damage_dealt":411,"minecraft:leave_game":2,"minecraft:time_since_death":10987,"minecraft:sleep_in_bed":1,"minecraft:total_world_time":30709,"minecraft:interact_with_smoker":2,"minecraft:fall_one_cm":8203,"minecraft:fly_one_cm":45158},"minecraft:mined":{"minecraft:large_fern":1,"minecraft:grass":3,"minecraft:hay_block":1,"minecraft:poppy":1,"minecraft:tall_grass":2},"minecraft:picked_up":{"minecraft:crafting_table":1,"minecraft:wheat_seeds":1,"minecraft:hay_block":1,"minecraft:porkchop":1,"minecraft:spruce_sapling":2,"minecraft:poppy":2,"minecraft:mutton":3,"minecraft:white_wool":2}},"DataVersion":3465}