{"stats":{"minecraft:mined":{"minecraft:dirt":1},"minecraft:picked_up":{"minecraft:beef":1,"minecraft:leather":2},"minecraft:used":{"alexsmobs:animal_dictionary":1},"minecraft:custom":{"minecraft:jump":97,"minecraft:time_since_rest":3948,"minecraft:damage_dealt":96,"minecraft:damage_taken":260,"minecraft:crouch_one_cm":740,"minecraft:leave_game":4,"minecraft:play_time":13974,"minecraft:sprint_one_cm":28912,"minecraft:time_since_death":3872,"minecraft:walk_one_cm":24131,"minecraft:deaths":1,"minecraft:sneak_time":95,"minecraft:total_world_time":13974,"minecraft:fall_one_cm":3202,"minecraft:fly_one_cm":22695}},"DataVersion":3465}