{"stats":{"minecraft:killed_by":{"minecraft:player":1,"alexsmobs:bison":1,"alexsmobs:gelada_monkey":1,"minecraft:creeper":1},"minecraft:dropped":{"minecraft:porkchop":1,"minecraft:wheat_seeds":1,"minecraft:mutton":3},"minecraft:killed":{"minecraft:sheep":2,"minecraft:pig":1},"minecraft:used":{"minecraft:poppy":1,"minecraft:cooked_beef":2},"minecraft:custom":{"minecraft:time_since_rest":16593,"minecraft:interact_with_furnace":2,"minecraft:sprint_one_cm":38939,"minecraft:damage_taken":1229,"minecraft:walk_one_cm":90598,"minecraft:mob_kills":3,"minecraft:drop":5,"minecraft:damage_dealt":411,"minecraft:interact_with_crafting_table":1,"minecraft:fly_one_cm":45254,"minecraft:crouch_one_cm":3015,"minecraft:play_time":37516,"minecraft:deaths":4,"minecraft:sneak_time":513,"minecraft:jump":422,"minecraft:leave_game":2,"minecraft:time_since_death":17794,"minecraft:interact_with_smoker":7,"minecraft:sleep_in_bed":1,"minecraft:total_world_time":37516,"minecraft:fall_one_cm":8203},"minecraft:mined":{"minecraft:large_fern":1,"minecraft:hay_block":1,"minecraft:grass":3,"minecraft:poppy":1,"minecraft:tall_grass":2},"minecraft:picked_up":{"minecraft:stick":1,"minecraft:crafting_table":1,"minecraft:cooked_beef":4,"minecraft:porkchop":2,"minecraft:cherry_log":19,"minecraft:spruce_sapling":2,"minecraft:iron_axe":1,"minecraft:wheat_seeds":1,"minecraft:hay_block":1,"minecraft:cherry_sapling":7,"minecraft:poppy":2,"minecraft:iron_pickaxe":1,"minecraft:mutton":6,"minecraft:white_wool":2},"minecraft:crafted":{"minecraft:cooked_porkchop":1,"minecraft:cooked_mutton":3}},"DataVersion":3465}