{"stats":{"minecraft:killed_by":{"minecraft:player":1,"alexsmobs:bison":1},"minecraft:killed":{"minecraft:sheep":1},"minecraft:custom":{"minecraft:jump":166,"minecraft:time_since_rest":2604,"minecraft:deaths":2,"minecraft:damage_dealt":151,"minecraft:crouch_one_cm":224,"minecraft:sprint_one_cm":16731,"minecraft:play_time":17849,"minecraft:damage_taken":530,"minecraft:time_since_death":2563,"minecraft:walk_one_cm":27436,"minecraft:sneak_time":7,"minecraft:interact_with_smoker":2,"minecraft:total_world_time":17849,"minecraft:mob_kills":1,"minecraft:fall_one_cm":6750,"minecraft:fly_one_cm":23564},"minecraft:mined":{"minecraft:large_fern":1},"minecraft:picked_up":{"minecraft:spruce_sapling":2,"minecraft:mutton":2,"minecraft:white_wool":1,"minecraft:crafting_table":1}},"DataVersion":3465}