{"stats":{"minecraft:killed_by":{"minecraft:player":1,"alexsmobs:bison":1,"alexsmobs:gelada_monkey":1,"minecraft:creeper":1,"alexsmobs:tiger":3},"minecraft:dropped":{"minecraft:porkchop":1,"minecraft:wheat_seeds":2,"minecraft:mutton":3},"minecraft:killed":{"minecraft:sheep":2,"minecraft:pig":1},"minecraft:used":{"minecraft:iron_axe":212,"minecraft:poppy":1,"minecraft:cooked_beef":2},"minecraft:custom":{"minecraft:time_since_rest":1660,"minecraft:waystone_activated":1,"minecraft:interact_with_furnace":2,"minecraft:sprint_one_cm":65533,"minecraft:damage_taken":1899,"minecraft:walk_one_cm":140872,"minecraft:mob_kills":3,"minecraft:drop":6,"minecraft:damage_dealt":627,"minecraft:interact_with_crafting_table":1,"minecraft:fly_one_cm":60792,"minecraft:open_chest":3,"minecraft:crouch_one_cm":3272,"minecraft:play_time":49516,"minecraft:deaths":7,"minecraft:sneak_time":547,"minecraft:jump":557,"minecraft:leave_game":2,"minecraft:time_since_death":1627,"minecraft:interact_with_smoker":7,"minecraft:sleep_in_bed":2,"minecraft:total_world_time":49516,"minecraft:fall_one_cm":10872},"minecraft:mined":{"minecraft:large_fern":1,"minecraft:hay_block":1,"minecraft:cherry_log":189,"minecraft:cornflower":1,"minecraft:grass":3,"minecraft:poppy":1,"minecraft:tall_grass":2},"minecraft:picked_up":{"minecraft:stick":52,"minecraft:crafting_table":1,"minecraft:cooked_beef":4,"minecraft:porkchop":2,"minecraft:cherry_log":201,"minecraft:spruce_sapling":2,"minecraft:cornflower":1,"alexsmobs:animal_dictionary":1,"minecraft:iron_axe":1,"minecraft:wheat_seeds":3,"minecraft:hay_block":1,"minecraft:cherry_sapling":70,"minecraft:poppy":2,"minecraft:iron_pickaxe":1,"minecraft:mutton":6,"minecraft:white_wool":2},"minecraft:crafted":{"minecraft:cooked_porkchop":1,"minecraft:cooked_mutton":3}},"DataVersion":3465}