{"stats":{"minecraft:killed_by":{"minecraft:player":1,"alexsmobs:bison":1,"alexsmobs:gelada_monkey":1,"minecraft:creeper":1,"alexsmobs:tiger":3},"minecraft:dropped":{"minecraft:porkchop":1,"minecraft:wheat_seeds":7,"minecraft:mutton":3,"minecraft:spruce_sapling":2,"minecraft:white_tulip":2,"minecraft:pink_tulip":3},"minecraft:killed":{"minecraft:sheep":2,"minecraft:pig":1},"minecraft:used":{"minecraft:iron_axe":341,"minecraft:iron_pickaxe":3,"minecraft:poppy":1,"minecraft:cherry_planks":16,"minecraft:dirt":15,"minecraft:cooked_beef":2,"minecraft:cherry_log":9},"minecraft:custom":{"minecraft:time_since_rest":25660,"minecraft:waystone_activated":1,"minecraft:interact_with_furnace":3,"minecraft:sprint_one_cm":69826,"minecraft:damage_taken":1899,"minecraft:walk_one_cm":219662,"minecraft:mob_kills":3,"minecraft:drop":10,"minecraft:damage_dealt":627,"minecraft:interact_with_crafting_table":3,"minecraft:fly_one_cm":61359,"minecraft:open_chest":6,"minecraft:crouch_one_cm":3272,"minecraft:play_time":73516,"minecraft:deaths":7,"minecraft:sneak_time":547,"minecraft:jump":633,"minecraft:leave_game":2,"minecraft:time_since_death":25627,"minecraft:interact_with_smoker":7,"minecraft:sleep_in_bed":2,"minecraft:total_world_time":73516,"minecraft:fall_one_cm":10872},"minecraft:mined":{"minecraft:large_fern":1,"minecraft:hay_block":1,"minecraft:cherry_planks":1,"minecraft:cherry_log":212,"minecraft:cherry_sapling":1,"minecraft:cornflower":1,"minecraft:grass":35,"minecraft:grass_block":23,"minecraft:poppy":1,"minecraft:dirt":3,"minecraft:pink_tulip":3,"minecraft:cobblestone":3,"minecraft:tall_grass":9,"minecraft:bamboo":1,"minecraft:white_tulip":2,"minecraft:pink_petals":84},"minecraft:picked_up":{"minecraft:pink_petals":209,"minecraft:stick":65,"minecraft:crafting_table":1,"minecraft:cooked_beef":4,"minecraft:cherry_planks":1,"minecraft:porkchop":2,"minecraft:cherry_log":233,"minecraft:spruce_sapling":4,"minecraft:yellow_bed":1,"minecraft:dirt":79,"minecraft:cornflower":1,"alexsmobs:animal_dictionary":1,"minecraft:iron_axe":1,"minecraft:wheat_seeds":12,"minecraft:hay_block":1,"minecraft:white_tulip":4,"minecraft:pink_tulip":6,"minecraft:cherry_sapling":82,"minecraft:bamboo":6,"minecraft:poppy":2,"minecraft:iron_pickaxe":1,"minecraft:mutton":6,"minecraft:white_wool":2,"minecraft:cobblestone":3},"minecraft:crafted":{"minecraft:cooked_porkchop":1,"minecraft:cooked_mutton":3,"minecraft:cherry_planks":602}},"DataVersion":3465}