{"stats":{"minecraft:killed_by":{"minecraft:player":1,"alexsmobs:bison":1,"alexsmobs:gelada_monkey":1,"minecraft:creeper":1,"alexsmobs:tiger":3},"minecraft:dropped":{"minecraft:porkchop":1,"minecraft:wheat_seeds":2,"minecraft:mutton":3},"minecraft:killed":{"minecraft:sheep":2,"minecraft:pig":1},"minecraft:used":{"minecraft:iron_axe":337,"minecraft:poppy":1,"minecraft:dirt":11,"minecraft:cooked_beef":2},"minecraft:custom":{"minecraft:time_since_rest":13660,"minecraft:waystone_activated":1,"minecraft:interact_with_furnace":2,"minecraft:sprint_one_cm":69130,"minecraft:damage_taken":1899,"minecraft:walk_one_cm":190234,"minecraft:mob_kills":3,"minecraft:drop":6,"minecraft:damage_dealt":627,"minecraft:interact_with_crafting_table":1,"minecraft:fly_one_cm":60999,"minecraft:open_chest":3,"minecraft:crouch_one_cm":3272,"minecraft:play_time":61516,"minecraft:deaths":7,"minecraft:sneak_time":547,"minecraft:jump":591,"minecraft:leave_game":2,"minecraft:time_since_death":13627,"minecraft:interact_with_smoker":7,"minecraft:sleep_in_bed":2,"minecraft:total_world_time":61516,"minecraft:fall_one_cm":10872},"minecraft:mined":{"minecraft:large_fern":1,"minecraft:hay_block":1,"minecraft:cherry_log":206,"minecraft:cherry_sapling":1,"minecraft:cornflower":1,"minecraft:grass":33,"minecraft:grass_block":5,"minecraft:poppy":1,"minecraft:dirt":2,"minecraft:pink_tulip":3,"minecraft:tall_grass":9,"minecraft:bamboo":1,"minecraft:white_tulip":2,"minecraft:pink_petals":77},"minecraft:picked_up":{"minecraft:pink_petals":190,"minecraft:stick":65,"minecraft:crafting_table":1,"minecraft:cooked_beef":4,"minecraft:porkchop":2,"minecraft:cherry_log":227,"minecraft:spruce_sapling":2,"minecraft:dirt":60,"minecraft:cornflower":1,"alexsmobs:animal_dictionary":1,"minecraft:iron_axe":1,"minecraft:wheat_seeds":7,"minecraft:hay_block":1,"minecraft:white_tulip":2,"minecraft:pink_tulip":3,"minecraft:cherry_sapling":82,"minecraft:bamboo":6,"minecraft:poppy":2,"minecraft:iron_pickaxe":1,"minecraft:mutton":6,"minecraft:white_wool":2},"minecraft:crafted":{"minecraft:cooked_porkchop":1,"minecraft:cooked_mutton":3}},"DataVersion":3465}